{"count":1,"gauges":{},"self":9.0627512,"total":9.2139908999999989,"children":{"AgentSendState":{"count":432,"self":0.0048560999999999995,"total":0.0058224,"children":{"CollectObservations":{"count":44,"self":0.00096629999999999991,"total":0.00096629999999999991,"children":null},"CollectDiscreteActionMasks":{"count":44,"self":0,"total":0,"children":null}}},"DecideAction":{"count":432,"self":0.1434992,"total":0.1434992,"children":null},"AgentAct":{"count":432,"self":0.0009412,"total":0.0009412,"children":null}}}