{"count":1,"gauges":{"My Behavior.CumulativeReward":{"count":250,"max":0.2,"min":-1,"value":-1,"weightedAverage":-0.2609332}},"self":186.4704768,"total":264.9397143,"children":{"AgentSendState":{"count":226917,"self":1.4680335999999998,"total":3.3547841999999997,"children":{"CollectObservations":{"count":22692,"self":0.1235694,"total":0.1235694,"children":null},"CollectDiscreteActionMasks":{"count":22692,"self":0.0349043,"total":0.0349043,"children":null},"AgentInfo.ToProto":{"count":22692,"self":0.2074218,"total":1.7282769,"children":{"GenerateSensorData":{"count":22692,"self":0.3824258,"total":1.5208551,"children":{"RayPerceptionSensor.Perceive":{"count":22692,"self":1.1384292999999999,"total":1.1384292999999999,"children":null}}}}}}},"DecideAction":{"count":226917,"self":74.0966784,"total":74.096681199999992,"children":null},"AgentAct":{"count":226917,"self":1.0018179999999999,"total":1.01678,"children":{"AgentInfo.ToProto":{"count":250,"self":0.0019951,"total":0.014962,"children":{"GenerateSensorData":{"count":250,"self":0.0019938,"total":0.0129669,"children":{"RayPerceptionSensor.Perceive":{"count":250,"self":0.0109731,"total":0.0109731,"children":null}}}}}}}}}