{"count":1,"gauges":{"My Behavior.CumulativeReward":{"count":1795,"max":0.2,"min":-1,"value":-1,"weightedAverage":-0.264693916}},"self":1338.6786816,"total":1914.9698558999999,"children":{"AgentSendState":{"count":1626117,"self":12.005348,"total":26.6899688,"children":{"CollectObservations":{"count":162612,"self":1.0372563,"total":1.0372563,"children":null},"CollectDiscreteActionMasks":{"count":162612,"self":0.2995161,"total":0.2995161,"children":null},"AgentInfo.ToProto":{"count":162612,"self":1.5470519999999999,"total":13.347848599999999,"children":{"GenerateSensorData":{"count":162612,"self":3.264147,"total":11.8007966,"children":{"RayPerceptionSensor.Perceive":{"count":162612,"self":8.5366495999999987,"total":8.5366495999999987,"children":null}}}}}}},"DecideAction":{"count":1626117,"self":541.9595264,"total":541.9595101,"children":null},"AgentAct":{"count":1626117,"self":7.4741816,"total":7.6416917999999994,"children":{"AgentInfo.ToProto":{"count":1795,"self":0.0209271,"total":0.1675102,"children":{"GenerateSensorData":{"count":1795,"self":0.0486841,"total":0.1465831,"children":{"RayPerceptionSensor.Perceive":{"count":1795,"self":0.097899,"total":0.097899,"children":null}}}}}}}}}