{"count":1,"gauges":{"My Behavior.CumulativeReward":{"count":2216,"max":0.4,"min":-1,"value":0.2,"weightedAverage":-0.119547561}},"self":3614.9088256,"total":5220.4090919,"children":{"AgentSendState":{"count":5000134,"self":33.98816,"total":47.859153199999994,"children":{"CollectObservations":{"count":500014,"self":2.9129907999999998,"total":2.9129907,"children":null},"CollectDiscreteActionMasks":{"count":500014,"self":0.8700846,"total":0.8700846,"children":null},"AgentInfo.ToProto":{"count":500014,"self":4.2445296,"total":10.087918199999999,"children":{"GenerateSensorData":{"count":500014,"self":5.8433883999999994,"total":5.8433883999999994,"children":null}}}}},"DecideAction":{"count":5000134,"self":1535.6123135999999,"total":1535.612302,"children":null},"AgentAct":{"count":5000134,"self":21.976332799999998,"total":22.026818,"children":{"AgentInfo.ToProto":{"count":2216,"self":0.019867799999999998,"total":0.050485699999999994,"children":{"GenerateSensorData":{"count":2216,"self":0.0306179,"total":0.0306179,"children":null}}}}}}}