{"count":1,"gauges":{"My Behavior.CumulativeReward":{"count":70,"max":0.3,"min":-1,"value":0,"weightedAverage":-0.198452562}},"self":108.61980159999999,"total":158.05898829999998,"children":{"AgentSendState":{"count":149917,"self":1.0051565999999998,"total":1.4976692999999999,"children":{"CollectObservations":{"count":14992,"self":0.11968039999999999,"total":0.11968039999999999,"children":null},"CollectDiscreteActionMasks":{"count":14992,"self":0.0329138,"total":0.0329138,"children":null},"AgentInfo.ToProto":{"count":14992,"self":0.1415576,"total":0.3399185,"children":{"GenerateSensorData":{"count":14992,"self":0.19836089999999998,"total":0.19836089999999998,"children":null}}}}},"DecideAction":{"count":149917,"self":47.3112576,"total":47.311258599999995,"children":null},"AgentAct":{"count":149917,"self":0.6282298,"total":0.6292574,"children":{"AgentInfo.ToProto":{"count":70,"self":0,"total":0.0010276,"children":{"GenerateSensorData":{"count":70,"self":0.0010276,"total":0.0010276,"children":null}}}}}}}