{"count":1,"gauges":{},"self":26.773751999999998,"total":26.9131814,"children":{"AgentSendState":{"count":1334,"self":0.12953109999999998,"total":0.1305264,"children":{"CollectObservations":{"count":267,"self":0.0009953,"total":0.0009953,"children":null},"CollectDiscreteActionMasks":{"count":267,"self":0,"total":0,"children":null}}},"DecideAction":{"count":1334,"self":0.003953,"total":0.003953,"children":null},"AgentAct":{"count":1334,"self":0.0039534999999999995,"total":0.0039534999999999995,"children":null}}}