{"cameraMode":{"drawMode":0,"name":"Shaded","section":"Shading Mode"},"sceneLighting":true,"audioPlay":false,"sceneViewState":{"showFog":true,"showMaterialUpdate":false,"showSkybox":true,"showFlares":true,"showImageEffects":true,"showParticleSystems":true},"in2DMode":false,"pivot":{"x":-15.614028930664063,"y":-0.6954330205917358,"z":-13.5390625},"rotation":{"x":0.2690419852733612,"y":-0.0014446303248405457,"z":0.0004035957681480795,"w":0.9631304144859314},"size":23.38730812072754,"orthographic":true}