{"cameraMode":{"drawMode":0,"name":"Shaded","section":"Shading Mode"},"sceneLighting":true,"audioPlay":false,"sceneViewState":{"showFog":true,"showMaterialUpdate":false,"showSkybox":true,"showFlares":true,"showImageEffects":true,"showParticleSystems":true},"in2DMode":false,"pivot":{"x":-3.836656332015991,"y":-4.772387981414795,"z":0.17727455496788026},"rotation":{"x":0.6094325184822083,"y":-0.1129533052444458,"z":0.08806828409433365,"w":0.7798876166343689},"size":59.11433410644531,"orthographic":true}