{"cameraMode":{"drawMode":0,"name":"Shaded","section":"Shading Mode"},"sceneLighting":true,"audioPlay":false,"sceneViewState":{"showFog":true,"showMaterialUpdate":false,"showSkybox":true,"showFlares":true,"showImageEffects":true,"showParticleSystems":true},"in2DMode":false,"pivot":{"x":-2.4437785148620607,"y":9.133031845092774,"z":-9.637499809265137},"rotation":{"x":-0.44869425892829897,"y":0.00216880114749074,"z":-0.0010487190447747708,"w":-0.8936997652053833},"size":58.643898010253909,"orthographic":true}