{"cameraMode":{"drawMode":0,"name":"Shaded","section":"Shading Mode"},"sceneLighting":true,"audioPlay":false,"sceneViewState":{"showFog":true,"showMaterialUpdate":false,"showSkybox":true,"showFlares":true,"showImageEffects":true,"showParticleSystems":true},"in2DMode":false,"pivot":{"x":-2.4437785148620607,"y":9.133031845092774,"z":-9.637499809265137},"rotation":{"x":-0.5693517923355103,"y":-0.0007198634557425976,"z":0.0005275967996567488,"w":-0.8221291303634644},"size":58.643898010253909,"orthographic":true}