{"cameraMode":{"drawMode":0,"name":"Shaded","section":"Shading Mode"},"sceneLighting":true,"audioPlay":false,"sceneViewState":{"showFog":true,"showMaterialUpdate":false,"showSkybox":true,"showFlares":true,"showImageEffects":true,"showParticleSystems":true},"in2DMode":false,"pivot":{"x":-2.47786808013916,"y":1.345324158668518,"z":-0.023632798343896867},"rotation":{"x":0.4989013969898224,"y":-0.00320974993519485,"z":0.001659281668253243,"w":0.8667258620262146},"size":52.8141975402832,"orthographic":true}