{"cameraMode":{"drawMode":0,"name":"Shaded","section":"Shading Mode"},"sceneLighting":true,"audioPlay":false,"sceneViewState":{"showFog":true,"showMaterialUpdate":false,"showSkybox":true,"showFlares":true,"showImageEffects":true,"showParticleSystems":true},"in2DMode":false,"pivot":{"x":-2.0004544258117677,"y":-3.8825998306274416,"z":6.680817604064941},"rotation":{"x":0.6517248153686523,"y":-0.0016845737118273974,"z":0.0012781326659023762,"w":0.7585477232933044},"size":59.11433410644531,"orthographic":true}