{"cameraMode":{"drawMode":0,"name":"Shaded","section":"Shading Mode"},"sceneLighting":true,"audioPlay":false,"sceneViewState":{"showFog":true,"showMaterialUpdate":false,"showSkybox":true,"showFlares":true,"showImageEffects":true,"showParticleSystems":true},"in2DMode":false,"pivot":{"x":-2.0004544258117677,"y":-3.8825998306274416,"z":6.680817604064941},"rotation":{"x":0.6014759540557861,"y":0.0018360348185524345,"z":-0.0015349546447396279,"w":0.7989766597747803},"size":59.11433410644531,"orthographic":true}