{"cameraMode":{"drawMode":0,"name":"Shaded","section":"Shading Mode"},"sceneLighting":true,"audioPlay":false,"sceneViewState":{"showFog":true,"showMaterialUpdate":false,"showSkybox":true,"showFlares":true,"showImageEffects":true,"showParticleSystems":true},"in2DMode":false,"pivot":{"x":-3.836656332015991,"y":-4.772387981414795,"z":0.17727455496788026},"rotation":{"x":0.5913249254226685,"y":-0.1940460205078125,"z":0.1491120308637619,"w":0.7685016393661499},"size":59.11433410644531,"orthographic":true}